1908,1909
1908,1910
1908,1911
1908,1912
1908,1913
1908,1914
1908,1915
1908,1916
1908,1917
1908,1919
1908,1921
1908,1922
1908,1923
1908,1925
1908,1926
1908,1927
1908,1928
1908,1929
1908,1930
1908,1932
1908,1933
1908,1934
1908,1935
1908,1936
1908,1937
1908,1938
1908,1939
1908,1941
1908,1943
1908,1945
1908,1947
1908,1948
1908,1949
1908,1950
1909,1910
1909,1911
1909,1912
1909,1913
1909,1914
1909,1915
1909,1916
1909,1917
1909,1919
1909,1921
1909,1922
1909,1923
1909,1925
1909,1926
1909,1927
1909,1928
1909,1929
1909,1930
1909,1932
1909,1933
1909,1934
1909,1935
1909,1936
1909,1937
1909,1938
1909,1939
1909,1941
1909,1943
1909,1945
1909,1947
1909,1948
1909,1949
1909,1950
1910,1911
1910,1912
1910,1913
1910,1914
1910,1915
1910,1916
1910,1917
1910,1919
1910,1921
1910,1922
1910,1923
1910,1925
1910,1926
1910,1927
1910,1928
1910,1929
1910,1930
1910,1932
1910,1933
1910,1934
1910,1935
1910,1936
1910,1937
1910,1938
1910,1939
1910,1941
1910,1943
1910,1945
1910,1947
1910,1948
1910,1949
1910,1950
1911,1912
1911,1913
1911,1914
1911,1915
1911,1916
1911,1917
1911,1919
1911,1921
1911,1922
1911,1923
1911,1925
1911,1926
1911,1927
1911,1928
1911,1929
1911,1930
1911,1932
1911,1933
1911,1934
1911,1935
1911,1936
1911,1937
1911,1938
1911,1939
1911,1941
1911,1943
1911,1945
1911,1947
1911,1948
1911,1949
1911,1950
1912,1913
1912,1914
1912,1915
1912,1916
1912,1917
1912,1919
1912,1921
1912,1922
1912,1923
1912,1925
1912,1926
1912,1927
1912,1928
1912,1929
1912,1930
1912,1932
1912,1933
1912,1934
1912,1935
1912,1936
1912,1937
1912,1938
1912,1939
1912,1941
1912,1943
1912,1945
1912,1947
1912,1948
1912,1949
1912,1950
1913,1914
1913,1915
1913,1916
1913,1917
1913,1919
1913,1921
1913,1922
1913,1923
1913,1925
1913,1926
1913,1927
1913,1928
1913,1929
1913,1930
1913,1932
1913,1933
1913,1934
1913,1935
1913,1936
1913,1937
1913,1938
1913,1939
1913,1941
1913,1943
1913,1945
1913,1947
1913,1948
1913,1949
1913,1950
1914,1915
1914,1916
1914,1917
1914,1919
1914,1921
1914,1922
1914,1923
1914,1925
1914,1926
1914,1927
1914,1928
1914,1929
1914,1930
1914,1932
1914,1933
1914,1934
1914,1935
1914,1936
1914,1937
1914,1938
1914,1939
1914,1941
1914,1943
1914,1945
1914,1947
1914,1948
1914,1949
1914,1950
1915,1916
1915,1917
1915,1919
1915,1921
1915,1922
1915,1923
1915,1925
1915,1926
1915,1927
1915,1928
1915,1929
1915,1930
1915,1932
1915,1933
1915,1934
1915,1935
1915,1936
1915,1937
1915,1938
1915,1939
1915,1941
1915,1943
1915,1945
1915,1947
1915,1948
1915,1949
1915,1950
1916,1917
1916,1919
1916,1921
1916,1922
1916,1923
1916,1925
1916,1926
1916,1927
1916,1928
1916,1929
1916,1930
1916,1932
1916,1933
1916,1934
1916,1935
1916,1936
1916,1937
1916,1938
1916,1939
1916,1941
1916,1943
1916,1945
1916,1947
1916,1948
1916,1949
1916,1950
1917,1919
1917,1921
1917,1922
1917,1923
1917,1925
1917,1926
1917,1927
1917,1928
1917,1929
1917,1930
1917,1932
1917,1933
1917,1934
1917,1935
1917,1936
1917,1937
1917,1938
1917,1939
1917,1941
1917,1943
1917,1945
1917,1947
1917,1948
1917,1949
1917,1950
1919,1921
1919,1922
1919,1923
1919,1925
1919,1926
1919,1927
1919,1928
1919,1929
1919,1930
1919,1932
1919,1933
1919,1934
1919,1935
1919,1936
1919,1937
1919,1938
1919,1939
1919,1941
1919,1943
1919,1945
1919,1947
1919,1948
1919,1949
1919,1950
1921,1922
1921,1923
1921,1925
1921,1926
1921,1927
1921,1928
1921,1929
1921,1930
1921,1932
1921,1933
1921,1934
1921,1935
1921,1936
1921,1937
1921,1938
1921,1939
1921,1941
1921,1943
1921,1945
1921,1947
1921,1948
1921,1949
1921,1950
1922,1923
1922,1925
1922,1926
1922,1927
1922,1928
1922,1929
1922,1930
1922,1932
1922,1933
1922,1934
1922,1935
1922,1936
1922,1937
1922,1938
1922,1939
1922,1941
1922,1943
1922,1945
1922,1947
1922,1948
1922,1949
1922,1950
1923,1925
1923,1926
1923,1927
1923,1928
1923,1929
1923,1930
1923,1932
1923,1933
1923,1934
1923,1935
1923,1936
1923,1937
1923,1938
1923,1939
1923,1941
1923,1943
1923,1945
1923,1947
1923,1948
1923,1949
1923,1950
1925,1926
1925,1927
1925,1928
1925,1929
1925,1930
1925,1932
1925,1933
1925,1934
1925,1935
1925,1936
1925,1937
1925,1938
1925,1939
1925,1941
1925,1943
1925,1945
1925,1947
1925,1948
1925,1949
1925,1950
1926,1927
1926,1928
1926,1929
1926,1930
1926,1932
1926,1933
1926,1934
1926,1935
1926,1936
1926,1937
1926,1938
1926,1939
1926,1941
1926,1943
1926,1945
1926,1947
1926,1948
1926,1949
1926,1950
1927,1928
1927,1929
1927,1930
1927,1932
1927,1933
1927,1934
1927,1935
1927,1936
1927,1937
1927,1938
1927,1939
1927,1941
1927,1943
1927,1945
1927,1947
1927,1948
1927,1949
1927,1950
1928,1929
1928,1930
1928,1932
1928,1933
1928,1934
1928,1935
1928,1936
1928,1937
1928,1938
1928,1939
1928,1941
1928,1943
1928,1945
1928,1947
1928,1948
1928,1949
1928,1950
1929,1930
1929,1932
1929,1933
1929,1934
1929,1935
1929,1936
1929,1937
1929,1938
1929,1939
1929,1941
1929,1943
1929,1945
1929,1947
1929,1948
1929,1949
1929,1950
1930,1932
1930,1933
1930,1934
1930,1935
1930,1936
1930,1937
1930,1938
1930,1939
1930,1941
1930,1943
1930,1945
1930,1947
1930,1948
1930,1949
1930,1950
1932,1933
1932,1934
1932,1935
1932,1936
1932,1937
1932,1938
1932,1939
1932,1941
1932,1943
1932,1945
1932,1947
1932,1948
1932,1949
1932,1950
1933,1934
1933,1935
1933,1936
1933,1937
1933,1938
1933,1939
1933,1941
1933,1943
1933,1945
1933,1947
1933,1948
1933,1949
1933,1950
1934,1935
1934,1936
1934,1937
1934,1938
1934,1939
1934,1941
1934,1943
1934,1945
1934,1947
1934,1948
1934,1949
1934,1950
1935,1936
1935,1937
1935,1938
1935,1939
1935,1941
1935,1943
1935,1945
1935,1947
1935,1948
1935,1949
1935,1950
1936,1937
1936,1938
1936,1939
1936,1941
1936,1943
1936,1945
1936,1947
1936,1948
1936,1949
1936,1950
1937,1938
1937,1939
1937,1941
1937,1943
1937,1945
1937,1947
1937,1948
1937,1949
1937,1950
1938,1939
1938,1941
1938,1943
1938,1945
1938,1947
1938,1948
1938,1949
1938,1950
1939,1941
1939,1943
1939,1945
1939,1947
1939,1948
1939,1949
1939,1950
1941,1943
1941,1945
1941,1947
1941,1948
1941,1949
1941,1950
1943,1945
1943,1947
1943,1948
1943,1949
1943,1950
1945,1947
1945,1948
1945,1949
1945,1950
1947,1948
1947,1949
1947,1950
1948,1949
1948,1950
1949,1950
